"order_date","order_year","order_month","month_name","order_quarter","day_name","total_orders","total_items","total_revenue","total_freight","total_gross_revenue","avg_item_price","unique_customers","payment_methods_used"
"2018-10-17","2018","10","Oct","4","Wednesday","1","0",NULL,NULL,NULL,NULL,"1","1"
"2018-10-16","2018","10","Oct","4","Tuesday  ","1","0",NULL,NULL,NULL,NULL,"1","1"
"2018-10-03","2018","10","Oct","4","Wednesday","1","0",NULL,NULL,NULL,NULL,"1","1"
"2018-10-01","2018","10","Oct","4","Monday   ","1","0",NULL,NULL,NULL,NULL,"1","1"
"2018-09-29","2018","9","Sep","3","Saturday ","1","0",NULL,NULL,NULL,NULL,"1","1"
"2018-09-26","2018","9","Sep","3","Wednesday","1","0",NULL,NULL,NULL,NULL,"1","1"
"2018-09-25","2018","9","Sep","3","Tuesday  ","1","0",NULL,NULL,NULL,NULL,"1","1"
"2018-09-20","2018","9","Sep","3","Thursday ","1","0",NULL,NULL,NULL,NULL,"1","1"
"2018-09-17","2018","9","Sep","3","Monday   ","1","0",NULL,NULL,NULL,NULL,"1","1"
"2018-09-13","2018","9","Sep","3","Thursday ","1","0",NULL,NULL,NULL,NULL,"1","1"
"2018-09-12","2018","9","Sep","3","Wednesday","1","0",NULL,NULL,NULL,NULL,"1","1"
"2018-09-11","2018","9","Sep","3","Tuesday  ","1","0",NULL,NULL,NULL,NULL,"1","1"
"2018-09-10","2018","9","Sep","3","Monday   ","1","0",NULL,NULL,NULL,NULL,"1","1"
"2018-09-06","2018","9","Sep","3","Thursday ","3","0",NULL,NULL,NULL,NULL,"3","1"
"2018-09-03","2018","9","Sep","3","Monday   ","4","1","145.00","21.46","166.46","145.00","4","2"
"2018-08-31","2018","8","Aug","3","Friday   ","1","0",NULL,NULL,NULL,NULL,"1","1"
"2018-08-30","2018","8","Aug","3","Thursday ","4","0",NULL,NULL,NULL,NULL,"4","1"
"2018-08-29","2018","8","Aug","3","Wednesday","14","5","1546.04","216.66","1762.70","96.63","14","2"
"2018-08-28","2018","8","Aug","3","Tuesday  ","44","4","3757.51","480.43","4237.94","79.95","44","5"
"2018-08-27","2018","8","Aug","3","Monday   ","67","3","5418.66","780.73","6199.39","74.23","67","4"
"2018-08-26","2018","8","Aug","3","Sunday   ","73","3","8295.61","1316.89","9612.50","97.60","73","4"
"2018-08-25","2018","8","Aug","3","Saturday ","69","2","10711.93","1153.77","11865.70","139.12","69","4"
"2018-08-24","2018","8","Aug","3","Friday   ","99","6","10365.31","1817.57","12182.88","83.59","99","4"
"2018-08-23","2018","8","Aug","3","Thursday ","144","4","17030.87","2509.69","19540.56","105.78","144","4"
"2018-08-22","2018","8","Aug","3","Wednesday","187","5","20297.13","3965.48","24262.61","93.97","187","4"
"2018-08-21","2018","8","Aug","3","Tuesday  ","243","3","26708.97","4557.84","31266.81","102.33","243","4"
"2018-08-20","2018","8","Aug","3","Monday   ","256","5","35043.30","5479.47","40522.77","121.26","256","4"
"2018-08-19","2018","8","Aug","3","Sunday   ","204","5","26690.75","4632.72","31323.47","113.58","204","4"
"2018-08-18","2018","8","Aug","3","Saturday ","198","2","24917.05","4599.82","29516.87","116.98","198","4"
"2018-08-17","2018","8","Aug","3","Friday   ","257","5","36324.38","6259.88","42584.26","121.08","257","4"
"2018-08-16","2018","8","Aug","3","Thursday ","320","7","39411.01","6888.89","46299.90","105.94","320","4"
"2018-08-15","2018","8","Aug","3","Wednesday","288","5","46326.80","6951.04","53277.84","141.67","288","4"
"2018-08-14","2018","8","Aug","3","Tuesday  ","316","5","44682.42","7419.68","52102.10","128.40","316","4"
"2018-08-13","2018","8","Aug","3","Monday   ","292","6","39062.43","7365.60","46428.03","119.09","292","4"
"2018-08-12","2018","8","Aug","3","Sunday   ","197","10","32665.67","5558.94","38224.61","139.00","197","4"
"2018-08-11","2018","8","Aug","3","Saturday ","188","5","26400.66","4699.70","31100.36","120.00","188","4"
"2018-08-10","2018","8","Aug","3","Friday   ","256","3","34279.78","6447.74","40727.52","121.13","256","4"
"2018-08-09","2018","8","Aug","3","Thursday ","289","5","42138.17","7034.34","49172.51","125.79","289","4"
"2018-08-08","2018","8","Aug","3","Wednesday","316","6","43706.47","8117.23","51823.70","119.74","316","4"
"2018-08-07","2018","8","Aug","3","Tuesday  ","370","6","50588.50","9498.37","60086.87","114.97","370","4"
"2018-08-06","2018","8","Aug","3","Monday   ","372","5","58342.98","9737.91","68080.89","131.11","372","4"
"2018-08-05","2018","8","Aug","3","Sunday   ","276","4","35827.16","6783.42","42610.58","113.38","276","4"
"2018-08-04","2018","8","Aug","3","Saturday ","245","6","35844.56","5804.90","41649.46","127.56","245","4"
"2018-08-03","2018","8","Aug","3","Friday   ","314","6","45036.63","7743.40","52780.03","125.10","314","4"
"2018-08-02","2018","8","Aug","3","Thursday ","302","3","38740.84","7302.32","46043.16","113.28","302","4"
"2018-08-01","2018","8","Aug","3","Wednesday","311","6","44495.81","8509.21","53005.02","120.91","311","4"
"2018-07-31","2018","7","Jul","3","Tuesday  ","322","6","46295.06","8387.30","54682.36","119.94","322","4"
"2018-07-30","2018","7","Jul","3","Monday   ","288","4","40179.22","7019.28","47198.50","123.25","288","4"
"2018-07-29","2018","7","Jul","3","Sunday   ","188","6","32085.40","5250.81","37336.21","145.84","188","4"
"2018-07-28","2018","7","Jul","3","Saturday ","176","6","27139.99","5004.15","32144.14","125.07","176","4"
"2018-07-27","2018","7","Jul","3","Friday   ","189","4","29453.24","5255.60","34708.84","130.32","189","4"
"2018-07-26","2018","7","Jul","3","Thursday ","247","6","37938.95","7615.83","45554.78","120.06","247","4"
"2018-07-25","2018","7","Jul","3","Wednesday","268","11","40753.19","7629.71","48382.90","122.75","268","4"
"2018-07-24","2018","7","Jul","3","Tuesday  ","271","3","42175.56","6762.04","48937.60","136.49","271","4"
"2018-07-23","2018","7","Jul","3","Monday   ","307","6","40827.91","8240.17","49068.08","115.66","307","4"
"2018-07-22","2018","7","Jul","3","Sunday   ","215","6","27862.22","5233.19","33095.41","113.72","215","4"
"2018-07-21","2018","7","Jul","3","Saturday ","187","4","22838.34","4640.41","27478.75","105.73","187","4"
"2018-07-20","2018","7","Jul","3","Friday   ","250","4","32520.13","6200.43","38720.56","110.61","250","4"
"2018-07-19","2018","7","Jul","3","Thursday ","253","6","39134.27","6417.61","45551.88","133.56","253","4"
"2018-07-18","2018","7","Jul","3","Wednesday","307","6","44923.27","8543.41","53466.68","126.19","307","4"
"2018-07-17","2018","7","Jul","3","Tuesday  ","221","3","31680.71","5534.36","37215.07","123.75","221","4"
"2018-07-16","2018","7","Jul","3","Monday   ","245","6","31822.97","6588.45","38411.42","117.86","245","4"
"2018-07-15","2018","7","Jul","3","Sunday   ","152","4","31510.17","4622.24","36132.41","181.09","152","4"
"2018-07-14","2018","7","Jul","3","Saturday ","148","4","22540.68","4279.60","26820.28","135.79","148","4"
"2018-07-13","2018","7","Jul","3","Friday   ","168","6","29025.70","5015.05","34040.75","147.34","168","4"
"2018-07-12","2018","7","Jul","3","Thursday ","124","3","30981.87","4162.23","35144.10","216.66","124","4"
"2018-07-11","2018","7","Jul","3","Wednesday","127","4","18793.98","3696.38","22490.36","127.85","127","4"
"2018-07-10","2018","7","Jul","3","Tuesday  ","134","5","19715.12","3737.15","23452.27","123.22","134","4"
"2018-07-09","2018","7","Jul","3","Monday   ","148","3","20014.12","3745.18","23759.30","122.04","148","4"
"2018-07-08","2018","7","Jul","3","Sunday   ","122","7","14710.78","3196.77","17907.55","99.40","122","4"
"2018-07-07","2018","7","Jul","3","Saturday ","91","3","9121.54","2237.20","11358.74","88.56","91","4"
"2018-07-06","2018","7","Jul","3","Friday   ","121","2","19667.34","3154.85","22822.19","147.87","121","4"
"2018-07-05","2018","7","Jul","3","Thursday ","195","6","28959.03","5186.50","34145.53","129.28","195","4"
"2018-07-04","2018","7","Jul","3","Wednesday","256","4","36457.75","6170.38","42628.13","121.93","256","4"
"2018-07-03","2018","7","Jul","3","Tuesday  ","216","6","27276.39","5290.48","32566.87","111.33","216","4"
"2018-07-02","2018","7","Jul","3","Monday   ","195","6","24115.30","6403.03","30518.33","107.66","195","4"
"2018-07-01","2018","7","Jul","3","Sunday   ","161","6","24782.26","4793.69","29575.95","131.12","161","4"
"2018-06-30","2018","6","Jun","2","Saturday ","124","3","15391.78","3249.21","18640.99","109.94","124","3"
"2018-06-29","2018","6","Jun","2","Friday   ","174","6","20535.48","4642.96","25178.44","103.71","174","4"
"2018-06-28","2018","6","Jun","2","Thursday ","243","6","34655.20","6809.72","41464.92","117.08","243","4"
"2018-06-27","2018","6","Jun","2","Wednesday","215","6","27946.45","6286.00","34232.45","110.90","215","4"
"2018-06-26","2018","6","Jun","2","Tuesday  ","243","6","38077.63","8165.69","46243.32","119.74","243","4"
"2018-06-25","2018","6","Jun","2","Monday   ","241","5","37211.91","6000.05","43211.96","124.04","241","4"
"2018-06-24","2018","6","Jun","2","Sunday   ","199","3","24812.92","5177.22","29990.14","111.77","199","4"
"2018-06-23","2018","6","Jun","2","Saturday ","151","5","18908.75","3879.47","22788.22","106.23","151","4"
"2018-06-22","2018","6","Jun","2","Friday   ","179","4","25554.92","4069.17","29624.09","118.86","179","4"
"2018-06-21","2018","6","Jun","2","Thursday ","234","5","28710.88","5848.19","34559.07","103.65","234","4"
"2018-06-20","2018","6","Jun","2","Wednesday","217","5","31355.27","6076.70","37431.97","117.00","217","4"
"2018-06-19","2018","6","Jun","2","Tuesday  ","231","3","35992.69","5591.01","41583.70","131.36","231","4"
"2018-06-18","2018","6","Jun","2","Monday   ","246","6","35911.86","6644.62","42556.48","120.92","246","4"
"2018-06-17","2018","6","Jun","2","Sunday   ","152","3","18573.02","3752.98","22326.00","100.39","152","4"
"2018-06-16","2018","6","Jun","2","Saturday ","165","2","24911.83","4549.83","29461.66","136.13","165","4"
"2018-06-15","2018","6","Jun","2","Friday   ","186","5","28720.58","5228.80","33949.38","130.55","186","4"
"2018-06-14","2018","6","Jun","2","Thursday ","212","4","28083.40","5303.44","33386.84","117.01","212","4"
"2018-06-13","2018","6","Jun","2","Wednesday","259","6","36836.40","7587.39","44423.79","114.40","259","4"
"2018-06-12","2018","6","Jun","2","Tuesday  ","246","6","42189.75","6669.12","48858.87","134.79","246","4"
"2018-06-11","2018","6","Jun","2","Monday   ","294","6","50947.40","7939.96","58887.36","145.98","294","4"
"2018-06-10","2018","6","Jun","2","Sunday   ","193","4","26945.27","4945.84","31891.11","116.14","193","4"
"2018-06-09","2018","6","Jun","2","Saturday ","172","6","29655.08","4718.76","34373.84","153.65","172","4"
"2018-06-08","2018","6","Jun","2","Friday   ","198","12","27361.65","5052.06","32413.71","113.53","198","4"
"2018-06-07","2018","6","Jun","2","Thursday ","223","4","39149.92","6093.43","45243.35","143.93","223","4"
"2018-06-06","2018","6","Jun","2","Wednesday","227","5","26740.58","6248.93","32989.51","94.16","227","4"
"2018-06-05","2018","6","Jun","2","Tuesday  ","200","7","34830.15","5617.28","40447.43","141.59","200","4"
"2018-06-04","2018","6","Jun","2","Monday   ","225","7","29376.85","5950.70","35327.55","110.03","225","4"
"2018-06-03","2018","6","Jun","2","Sunday   ","192","5","31509.90","4582.52","36092.42","137.60","192","4"
"2018-06-02","2018","6","Jun","2","Saturday ","142","3","25640.17","3769.59","29409.76","157.30","142","4"
"2018-06-01","2018","6","Jun","2","Friday   ","184","6","32683.41","5084.34","37767.75","151.31","184","4"
"2018-05-31","2018","5","May","2","Thursday ","133","3","25512.98","3221.49","28734.47","168.96","133","4"
"2018-05-30","2018","5","May","2","Wednesday","140","6","19699.64","3452.28","23151.92","121.60","140","4"
"2018-05-29","2018","5","May","2","Tuesday  ","149","6","27058.76","4092.19","31150.95","150.33","149","4"
"2018-05-28","2018","5","May","2","Monday   ","143","4","27274.27","3553.01","30827.28","154.97","143","3"
"2018-05-27","2018","5","May","2","Sunday   ","100","3","13079.99","2303.38","15383.37","109.00","100","4"
"2018-05-26","2018","5","May","2","Saturday ","99","4","14799.17","2114.92","16914.09","127.58","99","3"
"2018-05-25","2018","5","May","2","Friday   ","104","6","15980.72","2270.75","18251.47","122.93","104","4"
"2018-05-24","2018","5","May","2","Thursday ","114","6","20628.98","2276.91","22905.89","152.81","114","4"
"2018-05-23","2018","5","May","2","Wednesday","132","4","18432.55","3012.20","21444.75","114.49","132","4"
"2018-05-22","2018","5","May","2","Tuesday  ","199","6","29343.21","4549.95","33893.16","119.77","199","4"
"2018-05-21","2018","5","May","2","Monday   ","206","6","25818.84","4328.08","30146.92","106.25","206","4"
"2018-05-20","2018","5","May","2","Sunday   ","161","4","20084.53","3611.92","23696.45","100.93","161","4"
"2018-05-19","2018","5","May","2","Saturday ","139","5","25824.17","3300.00","29124.17","144.27","139","4"
"2018-05-18","2018","5","May","2","Friday   ","236","6","32060.22","4875.47","36935.69","113.29","236","3"
"2018-05-17","2018","5","May","2","Thursday ","228","4","31704.36","4531.98","36236.34","121.94","228","4"
"2018-05-16","2018","5","May","2","Wednesday","357","6","57737.71","8667.95","66405.66","137.80","357","4"
"2018-05-15","2018","5","May","2","Tuesday  ","352","7","42474.79","8692.98","51167.77","96.31","352","4"
"2018-05-14","2018","5","May","2","Monday   ","364","5","55368.96","8627.42","63996.38","130.28","364","4"
"2018-05-13","2018","5","May","2","Sunday   ","207","12","31688.49","4954.61","36643.10","126.75","207","4"
"2018-05-12","2018","5","May","2","Saturday ","207","7","31828.12","5981.16","37809.28","119.65","207","4"
"2018-05-11","2018","5","May","2","Friday   ","247","6","39412.10","5603.83","45015.93","131.81","247","4"
"2018-05-10","2018","5","May","2","Thursday ","279","6","59975.66","7981.94","67957.60","173.34","279","4"
"2018-05-09","2018","5","May","2","Wednesday","344","6","44954.28","7749.59","52703.87","110.45","344","4"
"2018-05-08","2018","5","May","2","Tuesday  ","331","6","48338.99","6980.64","55319.63","126.21","331","4"
"2018-05-07","2018","5","May","2","Monday   ","372","5","54994.98","8423.24","63418.22","128.49","372","4"
"2018-05-06","2018","5","May","2","Sunday   ","211","5","29235.97","4459.50","33695.47","121.31","211","2"
"2018-05-05","2018","5","May","2","Saturday ","197","3","28498.13","4468.54","32966.67","126.10","197","4"
"2018-05-04","2018","5","May","2","Friday   ","265","6","40265.53","5860.29","46125.82","127.83","265","3"
"2018-05-03","2018","5","May","2","Thursday ","305","5","44364.54","8247.56","52612.10","119.26","305","4"
"2018-05-02","2018","5","May","2","Wednesday","296","6","41170.81","6627.47","47798.28","111.88","296","4"
"2018-05-01","2018","5","May","2","Tuesday  ","256","3","34538.99","5540.78","40079.77","117.08","256","4"
"2018-04-30","2018","4","Apr","2","Monday   ","240","6","36361.56","5544.89","41906.45","124.95","240","4"
"2018-04-29","2018","4","Apr","2","Sunday   ","171","3","20351.60","3855.37","24206.97","102.79","171","3"
"2018-04-28","2018","4","Apr","2","Saturday ","169","6","24269.29","3666.50","27935.79","118.39","169","4"
"2018-04-27","2018","4","Apr","2","Friday   ","242","6","41231.39","6134.39","47365.78","140.24","242","4"
"2018-04-26","2018","4","Apr","2","Thursday ","254","5","33570.54","5486.73","39057.27","110.07","254","4"
"2018-04-25","2018","4","Apr","2","Wednesday","284","4","41357.61","6467.07","47824.68","126.48","284","4"
"2018-04-24","2018","4","Apr","2","Tuesday  ","271","5","43844.05","7017.49","50861.54","135.74","271","4"
"2018-04-23","2018","4","Apr","2","Monday   ","285","4","39095.10","7166.49","46261.59","113.65","285","4"
"2018-04-22","2018","4","Apr","2","Sunday   ","200","6","28006.30","4800.61","32806.91","116.69","200","4"
"2018-04-21","2018","4","Apr","2","Saturday ","156","3","19843.14","3622.11","23465.25","113.39","156","4"
"2018-04-20","2018","4","Apr","2","Friday   ","197","5","29168.83","4480.74","33649.57","123.08","197","4"
"2018-04-19","2018","4","Apr","2","Thursday ","293","10","44789.80","6892.90","51682.70","121.05","293","4"
"2018-04-18","2018","4","Apr","2","Wednesday","280","6","41881.15","7163.88","49045.03","127.30","280","4"
"2018-04-17","2018","4","Apr","2","Tuesday  ","266","12","38272.72","6239.10","44511.82","116.69","266","4"
"2018-04-16","2018","4","Apr","2","Monday   ","280","6","42078.09","7283.90","49361.99","123.04","280","4"
"2018-04-15","2018","4","Apr","2","Sunday   ","223","6","31530.06","6124.65","37654.71","116.78","223","4"
"2018-04-14","2018","4","Apr","2","Saturday ","146","6","19113.08","3621.94","22735.02","108.60","146","3"
"2018-04-13","2018","4","Apr","2","Friday   ","202","8","31418.65","5320.05","36738.70","128.76","202","4"
"2018-04-12","2018","4","Apr","2","Thursday ","255","13","34499.34","5948.06","40447.40","113.86","255","4"
"2018-04-11","2018","4","Apr","2","Wednesday","274","5","42789.44","6699.30","49488.74","133.30","274","4"
"2018-04-10","2018","4","Apr","2","Tuesday  ","201","7","28108.35","4762.40","32870.75","120.12","201","4"
"2018-04-09","2018","4","Apr","2","Monday   ","253","6","49768.63","6564.18","56332.81","168.71","253","4"
"2018-04-08","2018","4","Apr","2","Sunday   ","185","5","24452.14","4558.52","29010.66","113.20","185","4"
"2018-04-07","2018","4","Apr","2","Saturday ","164","5","25717.74","3520.96","29238.70","138.27","164","4"
"2018-04-06","2018","4","Apr","2","Friday   ","189","4","28653.53","4603.27","33256.80","131.44","189","4"
"2018-04-05","2018","4","Apr","2","Thursday ","266","6","41611.08","6623.17","48234.25","132.10","266","4"
"2018-04-04","2018","4","Apr","2","Wednesday","257","3","38585.73","5867.18","44452.91","129.48","257","4"
"2018-04-03","2018","4","Apr","2","Tuesday  ","247","3","36548.30","5924.72","42473.02","128.24","247","4"
"2018-04-02","2018","4","Apr","2","Monday   ","282","7","41798.57","7994.89","49793.46","118.75","282","4"
"2018-04-01","2018","4","Apr","2","Sunday   ","207","6","30756.49","5145.27","35901.76","128.15","207","4"
"2018-03-31","2018","3","Mar","1","Saturday ","168","5","25926.02","3931.42","29857.44","131.60","168","3"
"2018-03-30","2018","3","Mar","1","Friday   ","165","4","22887.42","4375.75","27263.17","117.98","165","3"
"2018-03-29","2018","3","Mar","1","Thursday ","194","4","29581.19","4833.76","34414.95","125.34","194","4"
"2018-03-28","2018","3","Mar","1","Wednesday","220","3","30462.73","4838.29","35301.02","121.37","220","4"
"2018-03-27","2018","3","Mar","1","Tuesday  ","245","10","38472.29","6314.39","44786.68","126.97","245","4"
"2018-03-26","2018","3","Mar","1","Monday   ","272","6","42112.76","6579.14","48691.90","127.23","272","4"
"2018-03-25","2018","3","Mar","1","Sunday   ","190","6","27768.29","4899.20","32667.49","113.34","190","4"
"2018-03-24","2018","3","Mar","1","Saturday ","165","5","23987.16","3975.39","27962.55","124.29","165","3"
"2018-03-23","2018","3","Mar","1","Friday   ","221","5","30053.13","5072.63","35125.76","115.59","221","4"
"2018-03-22","2018","3","Mar","1","Thursday ","254","5","31631.81","6000.84","37632.65","104.05","254","4"
"2018-03-21","2018","3","Mar","1","Wednesday","286","4","42098.39","7136.86","49235.25","127.19","286","4"
"2018-03-20","2018","3","Mar","1","Tuesday  ","297","6","38967.75","7654.84","46622.59","105.60","297","4"
"2018-03-19","2018","3","Mar","1","Monday   ","303","9","45881.68","8149.53","54031.21","122.35","303","4"
"2018-03-18","2018","3","Mar","1","Sunday   ","215","3","33245.80","5280.69","38526.49","134.06","215","4"
"2018-03-17","2018","3","Mar","1","Saturday ","180","5","20378.16","4037.74","24415.90","103.44","180","4"
"2018-03-16","2018","3","Mar","1","Friday   ","252","6","35990.26","6566.80","42557.06","113.89","252","3"
"2018-03-15","2018","3","Mar","1","Thursday ","290","4","45782.50","7295.92","53078.42","136.26","290","4"
"2018-03-14","2018","3","Mar","1","Wednesday","199","6","24167.09","4971.16","29138.25","100.70","199","4"
"2018-03-13","2018","3","Mar","1","Tuesday  ","227","6","37646.31","6389.34","44035.65","134.93","227","4"
"2018-03-12","2018","3","Mar","1","Monday   ","232","5","31005.19","5374.43","36379.62","117.00","232","4"
"2018-03-11","2018","3","Mar","1","Sunday   ","218","3","31605.53","5428.28","37033.81","128.48","218","4"
"2018-03-10","2018","3","Mar","1","Saturday ","193","11","26801.61","4701.92","31503.53","122.38","193","4"
"2018-03-09","2018","3","Mar","1","Friday   ","204","6","29676.52","5595.22","35271.74","122.13","204","4"
"2018-03-08","2018","3","Mar","1","Thursday ","234","6","29113.65","5850.10","34963.75","101.80","234","4"
"2018-03-07","2018","3","Mar","1","Wednesday","259","5","37373.69","6510.02","43883.71","124.58","259","4"
"2018-03-06","2018","3","Mar","1","Tuesday  ","271","6","40404.66","6980.50","47385.16","128.27","271","4"
"2018-03-05","2018","3","Mar","1","Monday   ","264","6","40016.36","7329.33","47345.69","119.45","264","4"
"2018-03-04","2018","3","Mar","1","Sunday   ","236","3","32745.67","4968.60","37714.27","129.43","236","4"
"2018-03-03","2018","3","Mar","1","Saturday ","214","3","27047.97","5040.55","32088.52","115.59","214","3"
"2018-03-02","2018","3","Mar","1","Friday   ","266","5","32712.88","5837.44","38550.32","103.52","266","4"
"2018-03-01","2018","3","Mar","1","Thursday ","277","6","40391.59","6687.00","47078.59","123.52","277","4"
"2018-02-28","2018","2","Feb","1","Wednesday","313","5","46801.64","6828.67","53630.31","128.58","313","4"
"2018-02-27","2018","2","Feb","1","Tuesday  ","298","6","40871.12","6920.70","47791.82","109.57","298","4"
"2018-02-26","2018","2","Feb","1","Monday   ","299","6","43955.66","6439.00","50394.66","130.43","299","4"
"2018-02-25","2018","2","Feb","1","Sunday   ","237","4","29223.76","5742.22","34965.98","108.24","237","3"
"2018-02-24","2018","2","Feb","1","Saturday ","191","4","25690.30","4311.24","30001.54","117.31","191","4"
"2018-02-23","2018","2","Feb","1","Friday   ","235","4","29398.95","4724.16","34123.11","110.94","235","3"
"2018-02-22","2018","2","Feb","1","Thursday ","279","20","34908.99","6135.73","41044.72","93.59","279","4"
"2018-02-21","2018","2","Feb","1","Wednesday","266","14","34684.57","5777.91","40462.48","108.73","266","4"
"2018-02-20","2018","2","Feb","1","Tuesday  ","289","4","38782.97","6182.41","44965.38","119.33","289","4"
"2018-02-19","2018","2","Feb","1","Monday   ","259","5","28632.23","5663.72","34295.95","94.81","259","4"
"2018-02-18","2018","2","Feb","1","Sunday   ","202","4","25526.19","4631.06","30157.25","104.62","202","4"
"2018-02-17","2018","2","Feb","1","Saturday ","204","4","24952.76","4461.73","29414.49","111.40","204","4"
"2018-02-16","2018","2","Feb","1","Friday   ","214","6","27315.18","5002.74","32317.92","107.12","214","4"
"2018-02-15","2018","2","Feb","1","Thursday ","283","5","33320.45","5742.37","39062.82","103.80","283","4"
"2018-02-14","2018","2","Feb","1","Wednesday","295","6","46781.54","7062.69","53844.23","124.09","295","4"
"2018-02-13","2018","2","Feb","1","Tuesday  ","224","5","23688.32","4502.33","28190.65","89.39","224","4"
"2018-02-12","2018","2","Feb","1","Monday   ","218","6","24140.58","4553.00","28693.58","89.08","218","4"
"2018-02-11","2018","2","Feb","1","Sunday   ","172","4","23496.98","3611.51","27108.49","120.50","172","4"
"2018-02-10","2018","2","Feb","1","Saturday ","179","5","21730.05","3880.20","25610.25","109.75","179","4"
"2018-02-09","2018","2","Feb","1","Friday   ","216","5","31154.45","4256.29","35410.74","132.01","216","4"
"2018-02-08","2018","2","Feb","1","Thursday ","230","5","28263.39","4629.14","32892.53","108.29","230","4"
"2018-02-07","2018","2","Feb","1","Wednesday","248","6","33985.21","5331.78","39316.99","114.04","248","4"
"2018-02-06","2018","2","Feb","1","Tuesday  ","268","5","35096.10","5897.68","40993.78","113.21","268","4"
"2018-02-05","2018","2","Feb","1","Monday   ","271","5","38682.03","6093.48","44775.51","119.02","271","4"
"2018-02-04","2018","2","Feb","1","Sunday   ","201","4","24402.06","4421.04","28823.10","105.64","201","3"
"2018-02-03","2018","2","Feb","1","Saturday ","193","4","24624.40","4339.67","28964.07","112.96","193","3"
"2018-02-02","2018","2","Feb","1","Friday   ","212","6","28496.16","4961.52","33457.68","106.73","212","4"
"2018-02-01","2018","2","Feb","1","Thursday ","232","11","31493.75","5579.08","37072.83","112.88","232","4"
"2018-01-31","2018","1","Jan","1","Wednesday","256","3","33642.76","5192.30","38835.06","115.21","256","4"
"2018-01-30","2018","1","Jan","1","Tuesday  ","258","8","29778.73","5822.14","35600.87","94.24","258","4"
"2018-01-29","2018","1","Jan","1","Monday   ","246","6","31764.83","5721.05","37485.88","105.88","246","4"
"2018-01-28","2018","1","Jan","1","Sunday   ","156","5","24369.45","3489.19","27858.64","141.68","156","4"
"2018-01-27","2018","1","Jan","1","Saturday ","153","7","23045.53","3389.54","26435.07","118.79","153","4"
"2018-01-26","2018","1","Jan","1","Friday   ","229","5","34463.45","5386.13","39849.58","125.78","229","3"
"2018-01-25","2018","1","Jan","1","Thursday ","233","3","30073.06","5153.60","35226.66","110.97","233","3"
"2018-01-24","2018","1","Jan","1","Wednesday","244","4","33451.41","5479.39","38930.80","115.75","244","4"
"2018-01-23","2018","1","Jan","1","Tuesday  ","262","4","37223.66","5894.91","43118.57","116.32","262","4"
"2018-01-22","2018","1","Jan","1","Monday   ","314","4","38310.51","6587.05","44897.56","103.26","314","4"
"2018-01-21","2018","1","Jan","1","Sunday   ","199","4","24979.02","4258.13","29237.15","111.51","199","4"
"2018-01-20","2018","1","Jan","1","Saturday ","184","6","22381.68","4569.65","26951.33","107.60","184","4"
"2018-01-19","2018","1","Jan","1","Friday   ","235","6","30381.24","5415.09","35796.33","112.94","235","4"
"2018-01-18","2018","1","Jan","1","Thursday ","241","4","28374.52","5246.47","33620.99","100.26","241","4"
"2018-01-17","2018","1","Jan","1","Wednesday","282","3","38572.01","6372.77","44944.78","125.23","282","4"
"2018-01-16","2018","1","Jan","1","Tuesday  ","302","6","45092.64","7089.70","52182.34","120.57","302","4"
"2018-01-15","2018","1","Jan","1","Monday   ","307","6","42568.92","7290.62","49859.54","117.92","307","4"
"2018-01-14","2018","1","Jan","1","Sunday   ","235","4","31334.31","4509.95","35844.26","121.45","235","4"
"2018-01-13","2018","1","Jan","1","Saturday ","219","5","31737.39","4916.42","36653.81","124.95","219","4"
"2018-01-12","2018","1","Jan","1","Friday   ","243","6","33378.12","6270.67","39648.79","112.76","243","4"
"2018-01-11","2018","1","Jan","1","Thursday ","266","12","41730.24","6794.57","48524.81","128.01","266","4"
"2018-01-10","2018","1","Jan","1","Wednesday","277","10","39478.51","6471.76","45950.27","121.47","277","4"
"2018-01-09","2018","1","Jan","1","Tuesday  ","252","4","30720.40","5245.94","35966.34","110.51","252","4"
"2018-01-08","2018","1","Jan","1","Monday   ","293","6","39142.19","6524.43","45666.62","115.46","293","4"
"2018-01-07","2018","1","Jan","1","Sunday   ","196","3","30019.09","4745.08","34764.17","132.24","196","4"
"2018-01-06","2018","1","Jan","1","Saturday ","216","5","29454.25","5163.30","34617.55","108.29","216","4"
"2018-01-05","2018","1","Jan","1","Friday   ","210","6","28552.08","4627.58","33179.66","114.21","210","4"
"2018-01-04","2018","1","Jan","1","Thursday ","258","3","36040.47","5307.71","41348.18","122.59","258","4"
"2018-01-03","2018","1","Jan","1","Wednesday","225","6","32824.98","5057.69","37882.67","126.74","225","4"
"2018-01-02","2018","1","Jan","1","Tuesday  ","204","4","26778.15","4400.56","31178.71","106.26","204","4"
"2018-01-01","2018","1","Jan","1","Monday   ","74","3","7487.81","1592.51","9080.32","84.13","74","4"
"2017-12-31","2017","12","Dec","4","Sunday   ","74","2","8999.65","1563.80","10563.45","109.75","74","3"
"2017-12-30","2017","12","Dec","4","Saturday ","97","3","13201.65","2178.98","15380.63","121.12","97","4"
"2017-12-29","2017","12","Dec","4","Friday   ","135","5","17136.46","3021.06","20157.52","99.63","135","3"
"2017-12-28","2017","12","Dec","4","Thursday ","146","3","15379.64","2831.73","18211.37","95.53","146","4"
"2017-12-27","2017","12","Dec","4","Wednesday","167","3","17872.39","3376.44","21248.83","95.07","167","4"
"2017-12-26","2017","12","Dec","4","Tuesday  ","168","3","21638.17","3473.61","25111.78","110.96","168","3"
"2017-12-25","2017","12","Dec","4","Monday   ","90","4","10568.24","2304.74","12872.98","102.60","90","4"
"2017-12-24","2017","12","Dec","4","Sunday   ","59","2","5971.31","1262.27","7233.58","90.47","59","4"
"2017-12-23","2017","12","Dec","4","Saturday ","109","5","13249.65","2546.74","15796.39","107.72","109","3"
"2017-12-22","2017","12","Dec","4","Friday   ","111","5","14985.29","2290.37","17275.66","117.07","111","4"
"2017-12-21","2017","12","Dec","4","Thursday ","143","4","18789.01","3022.52","21811.53","117.43","143","4"
"2017-12-20","2017","12","Dec","4","Wednesday","171","5","29852.09","4177.10","34029.19","147.05","171","4"
"2017-12-19","2017","12","Dec","4","Tuesday  ","176","6","21298.21","3637.59","24935.80","101.91","176","4"
"2017-12-18","2017","12","Dec","4","Monday   ","209","5","30081.89","4743.29","34825.18","126.93","209","4"
"2017-12-17","2017","12","Dec","4","Sunday   ","133","5","23803.17","3143.12","26946.29","146.03","133","4"
"2017-12-16","2017","12","Dec","4","Saturday ","131","3","20867.11","2745.59","23612.70","136.39","131","4"
"2017-12-15","2017","12","Dec","4","Friday   ","192","2","28050.59","4204.32","32254.91","130.47","192","4"
"2017-12-14","2017","12","Dec","4","Thursday ","200","4","25513.66","4339.80","29853.46","117.57","200","3"
"2017-12-13","2017","12","Dec","4","Wednesday","218","14","30774.78","4983.11","35757.89","113.98","218","4"
"2017-12-12","2017","12","Dec","4","Tuesday  ","260","4","34147.04","5301.63","39448.67","111.23","260","3"
"2017-12-11","2017","12","Dec","4","Monday   ","267","4","34329.29","5448.63","39777.92","115.20","267","4"
"2017-12-10","2017","12","Dec","4","Sunday   ","190","4","26103.79","4293.39","30397.18","116.53","190","4"
"2017-12-09","2017","12","Dec","4","Saturday ","155","3","20552.71","3709.80","24262.51","116.12","155","4"
"2017-12-08","2017","12","Dec","4","Friday   ","219","3","30982.04","4817.13","35799.17","117.80","219","4"
"2017-12-07","2017","12","Dec","4","Thursday ","229","4","29933.57","5346.02","35279.59","112.53","229","4"
"2017-12-06","2017","12","Dec","4","Wednesday","280","5","41264.98","6608.05","47873.03","123.92","280","4"
"2017-12-05","2017","12","Dec","4","Tuesday  ","282","6","34064.60","6071.90","40136.50","102.91","282","4"
"2017-12-04","2017","12","Dec","4","Monday   ","337","5","48207.51","7013.05","55220.56","129.24","337","4"
"2017-12-03","2017","12","Dec","4","Sunday   ","234","4","29882.90","5022.26","34905.16","112.77","234","4"
"2017-12-02","2017","12","Dec","4","Saturday ","216","4","31713.03","4565.43","36278.46","132.69","216","4"
"2017-12-01","2017","12","Dec","4","Friday   ","275","4","41441.73","6292.38","47734.11","124.08","275","3"
"2017-11-30","2017","11","Nov","4","Thursday ","267","5","32632.55","5629.38","38261.93","103.27","267","4"
"2017-11-29","2017","11","Nov","4","Wednesday","323","4","41275.71","7761.06","49036.77","107.49","323","4"
"2017-11-28","2017","11","Nov","4","Tuesday  ","380","10","49623.49","8687.33","58310.82","110.52","380","4"
"2017-11-27","2017","11","Nov","4","Monday   ","403","8","49487.73","9108.33","58596.06","99.98","403","4"
"2017-11-26","2017","11","Nov","4","Sunday   ","391","5","47821.67","8692.56","56514.23","100.05","391","4"
"2017-11-25","2017","11","Nov","4","Saturday ","499","7","63925.02","11586.70","75511.72","102.94","499","4"
"2017-11-24","2017","11","Nov","4","Friday   ","1176","6","155858.01","26466.49","182324.50","110.54","1176","4"
"2017-11-23","2017","11","Nov","4","Thursday ","283","15","47200.87","7042.38","54243.25","134.09","283","4"
"2017-11-22","2017","11","Nov","4","Wednesday","201","9","25892.37","5097.97","30990.34","107.44","201","4"
"2017-11-21","2017","11","Nov","4","Tuesday  ","228","7","34667.23","5114.21","39781.44","129.84","228","4"
"2017-11-20","2017","11","Nov","4","Monday   ","230","5","44890.95","5877.85","50768.80","167.50","230","4"
"2017-11-19","2017","11","Nov","4","Sunday   ","158","3","20319.85","3393.56","23713.41","113.52","158","4"
"2017-11-18","2017","11","Nov","4","Saturday ","149","4","23643.92","4040.87","27684.79","135.11","149","4"
"2017-11-17","2017","11","Nov","4","Friday   ","197","9","29977.66","5171.61","35149.27","129.21","197","4"
"2017-11-16","2017","11","Nov","4","Thursday ","226","8","30040.20","4945.03","34985.23","107.29","226","4"
"2017-11-15","2017","11","Nov","4","Wednesday","186","4","24614.88","3972.81","28587.69","108.92","186","4"
"2017-11-14","2017","11","Nov","4","Tuesday  ","192","6","27551.85","4427.74","31979.59","120.84","192","4"
"2017-11-13","2017","11","Nov","4","Monday   ","205","3","24443.56","4967.65","29411.21","103.14","205","4"
"2017-11-12","2017","11","Nov","4","Sunday   ","174","4","23403.22","3484.98","26888.20","123.83","174","4"
"2017-11-11","2017","11","Nov","4","Saturday ","159","7","23613.96","3443.03","27056.99","132.66","159","3"
"2017-11-10","2017","11","Nov","4","Friday   ","165","5","21912.90","3609.46","25522.36","104.35","165","4"
"2017-11-09","2017","11","Nov","4","Thursday ","191","6","26155.14","4080.46","30235.60","111.77","191","4"
"2017-11-08","2017","11","Nov","4","Wednesday","175","5","20044.80","4288.85","24333.65","95.45","175","4"
"2017-11-07","2017","11","Nov","4","Tuesday  ","160","4","21822.49","3882.01","25704.50","119.90","160","4"
"2017-11-06","2017","11","Nov","4","Monday   ","193","4","29128.98","4632.85","33761.83","136.12","193","4"
"2017-11-05","2017","11","Nov","4","Sunday   ","144","4","17420.41","3597.79","21018.20","106.22","144","4"
"2017-11-04","2017","11","Nov","4","Saturday ","111","8","21358.06","3299.04","24657.10","152.56","111","4"
"2017-11-03","2017","11","Nov","4","Friday   ","143","6","24550.63","3489.51","28040.14","139.49","143","4"
"2017-11-02","2017","11","Nov","4","Thursday ","124","3","22856.42","2928.06","25784.48","152.38","124","4"
"2017-11-01","2017","11","Nov","4","Wednesday","111","6","19993.31","2987.41","22980.72","152.62","111","4"
"2017-10-31","2017","10","Oct","4","Tuesday  ","160","5","23917.39","3071.38","26988.77","121.41","160","3"
"2017-10-30","2017","10","Oct","4","Monday   ","149","6","21656.98","3290.80","24947.78","121.67","149","4"
"2017-10-29","2017","10","Oct","4","Sunday   ","132","5","18110.67","3103.69","21214.36","109.10","132","4"
"2017-10-28","2017","10","Oct","4","Saturday ","88","3","17907.68","2606.76","20514.44","168.94","88","3"
"2017-10-27","2017","10","Oct","4","Friday   ","133","7","21498.17","3007.37","24505.54","128.73","133","4"
"2017-10-26","2017","10","Oct","4","Thursday ","144","5","25150.04","3984.50","29134.54","134.49","144","4"
"2017-10-25","2017","10","Oct","4","Wednesday","156","6","17679.66","3289.65","20969.31","101.03","156","4"
"2017-10-24","2017","10","Oct","4","Tuesday  ","164","6","22613.95","3846.11","26460.06","113.07","164","3"
"2017-10-23","2017","10","Oct","4","Monday   ","161","5","24554.98","3846.17","28401.15","120.96","161","4"
"2017-10-22","2017","10","Oct","4","Sunday   ","158","6","20761.00","3570.87","24331.87","109.27","158","3"
"2017-10-21","2017","10","Oct","4","Saturday ","113","3","15628.63","2750.69","18379.32","117.51","113","4"
"2017-10-20","2017","10","Oct","4","Friday   ","124","3","20226.22","3101.47","23327.69","144.47","124","3"
"2017-10-19","2017","10","Oct","4","Thursday ","176","3","24331.60","3751.67","28083.27","122.27","176","4"
"2017-10-18","2017","10","Oct","4","Wednesday","179","8","27731.79","4309.52","32041.31","121.63","179","4"
"2017-10-17","2017","10","Oct","4","Tuesday  ","202","11","30432.05","5283.24","35715.29","113.13","202","4"
"2017-10-16","2017","10","Oct","4","Monday   ","195","4","31771.59","4755.16","36526.75","132.38","195","4"
"2017-10-15","2017","10","Oct","4","Sunday   ","121","6","19624.84","2689.61","22314.45","136.28","121","4"
"2017-10-14","2017","10","Oct","4","Saturday ","116","3","14733.80","3286.73","18020.53","107.55","116","4"
"2017-10-13","2017","10","Oct","4","Friday   ","154","4","24294.76","3660.25","27955.01","141.25","154","4"
"2017-10-12","2017","10","Oct","4","Thursday ","143","4","19094.11","3539.55","22633.66","117.86","143","4"
"2017-10-11","2017","10","Oct","4","Wednesday","158","4","24633.94","3470.95","28104.89","132.44","158","4"
"2017-10-10","2017","10","Oct","4","Tuesday  ","185","4","28891.82","4057.09","32948.91","135.01","185","3"
"2017-10-09","2017","10","Oct","4","Monday   ","193","12","31339.21","4823.59","36162.80","133.93","193","4"
"2017-10-08","2017","10","Oct","4","Sunday   ","126","4","17004.91","3018.40","20023.31","117.28","126","4"
"2017-10-07","2017","10","Oct","4","Saturday ","105","4","15739.92","2441.30","18181.22","132.27","105","4"
"2017-10-06","2017","10","Oct","4","Friday   ","130","5","17860.28","3058.78","20919.06","109.57","130","3"
"2017-10-05","2017","10","Oct","4","Thursday ","140","10","25762.32","3673.35","29435.67","147.21","140","4"
"2017-10-04","2017","10","Oct","4","Wednesday","157","3","21801.77","3819.59","25621.36","118.49","157","3"
"2017-10-03","2017","10","Oct","4","Tuesday  ","198","4","26788.35","4375.66","31164.01","119.06","198","4"
"2017-10-02","2017","10","Oct","4","Monday   ","143","10","23006.83","3697.71","26704.54","127.82","143","4"
"2017-10-01","2017","10","Oct","4","Sunday   ","128","4","19258.34","3229.45","22487.79","126.70","128","3"
"2017-09-30","2017","9","Sep","3","Saturday ","109","4","13706.18","2318.89","16025.07","110.53","109","4"
"2017-09-29","2017","9","Sep","3","Friday   ","121","8","30934.16","2841.59","33775.75","227.46","121","3"
"2017-09-28","2017","9","Sep","3","Thursday ","143","4","24227.82","3237.05","27464.87","139.24","143","4"
"2017-09-27","2017","9","Sep","3","Wednesday","147","6","21999.71","3524.07","25523.78","122.90","147","4"
"2017-09-26","2017","9","Sep","3","Tuesday  ","180","3","22376.48","3702.77","26079.25","110.23","180","4"
"2017-09-25","2017","9","Sep","3","Monday   ","136","4","18186.97","3052.26","21239.23","115.11","136","4"
"2017-09-24","2017","9","Sep","3","Sunday   ","118","5","13826.10","2705.43","16531.53","104.74","118","3"
"2017-09-23","2017","9","Sep","3","Saturday ","88","5","13453.12","2777.55","16230.67","98.20","88","3"
"2017-09-22","2017","9","Sep","3","Friday   ","138","6","17490.02","2939.55","20429.57","109.31","138","4"
"2017-09-21","2017","9","Sep","3","Thursday ","150","3","19248.76","3498.19","22746.95","107.53","150","4"
"2017-09-20","2017","9","Sep","3","Wednesday","163","5","22740.85","4106.14","26846.99","116.02","163","4"
"2017-09-19","2017","9","Sep","3","Tuesday  ","154","6","21118.46","3590.60","24709.06","110.57","154","3"
"2017-09-18","2017","9","Sep","3","Monday   ","183","6","29197.40","4148.58","33345.98","128.62","183","4"
"2017-09-17","2017","9","Sep","3","Sunday   ","126","4","20609.51","3013.66","23623.17","145.14","126","4"
"2017-09-16","2017","9","Sep","3","Saturday ","129","3","21535.63","2955.93","24491.56","151.66","129","3"
"2017-09-15","2017","9","Sep","3","Friday   ","150","5","18701.65","3289.48","21991.13","108.73","150","4"
"2017-09-14","2017","9","Sep","3","Thursday ","166","6","22919.03","4093.30","27012.33","110.72","166","4"
"2017-09-13","2017","9","Sep","3","Wednesday","207","4","29848.83","4466.42","34315.25","126.48","207","4"
"2017-09-12","2017","9","Sep","3","Tuesday  ","206","10","27730.05","5297.15","33027.20","109.60","206","4"
"2017-09-11","2017","9","Sep","3","Monday   ","180","3","24406.95","3795.11","28202.06","119.06","180","4"
"2017-09-10","2017","9","Sep","3","Sunday   ","136","5","19827.95","3279.62","23107.57","118.73","136","3"
"2017-09-09","2017","9","Sep","3","Saturday ","106","4","15207.31","2602.91","17810.22","126.73","106","3"
"2017-09-08","2017","9","Sep","3","Friday   ","116","5","11883.47","2639.94","14523.41","89.35","116","4"
"2017-09-07","2017","9","Sep","3","Thursday ","99","4","18627.09","2331.30","20958.39","169.34","99","4"
"2017-09-06","2017","9","Sep","3","Wednesday","140","4","32931.21","3631.43","36562.64","192.58","140","4"
"2017-09-05","2017","9","Sep","3","Tuesday  ","157","6","23613.95","4238.72","27852.67","114.08","157","4"
"2017-09-04","2017","9","Sep","3","Monday   ","150","3","26431.17","3624.49","30055.66","154.57","150","4"
"2017-09-03","2017","9","Sep","3","Sunday   ","125","5","28292.54","3219.25","31511.79","195.12","125","4"
"2017-09-02","2017","9","Sep","3","Saturday ","104","3","20370.26","2527.78","22898.04","160.40","104","4"
"2017-09-01","2017","9","Sep","3","Friday   ","158","4","30833.76","4226.40","35060.16","158.12","158","4"
"2017-08-31","2017","8","Aug","3","Thursday ","149","4","21085.11","3097.03","24182.14","118.46","149","4"
"2017-08-30","2017","8","Aug","3","Wednesday","181","4","32150.22","4392.29","36542.51","153.10","181","4"
"2017-08-29","2017","8","Aug","3","Tuesday  ","137","6","33941.17","3324.73","37265.90","213.47","137","4"
"2017-08-28","2017","8","Aug","3","Monday   ","155","5","24507.42","3697.78","28205.20","133.19","155","3"
"2017-08-27","2017","8","Aug","3","Sunday   ","119","6","13763.47","3007.04","16770.51","93.00","119","4"
"2017-08-26","2017","8","Aug","3","Saturday ","93","3","10820.09","2019.47","12839.56","102.08","93","4"
"2017-08-25","2017","8","Aug","3","Friday   ","123","3","15259.12","2296.43","17555.55","109.78","123","3"
"2017-08-24","2017","8","Aug","3","Thursday ","128","3","13539.99","2674.57","16214.56","92.11","128","3"
"2017-08-23","2017","8","Aug","3","Wednesday","112","20","16392.09","2953.39","19345.48","99.35","112","4"
"2017-08-22","2017","8","Aug","3","Tuesday  ","138","6","17058.53","3274.81","20333.34","102.15","138","4"
"2017-08-21","2017","8","Aug","3","Monday   ","177","6","23021.52","3939.67","26961.19","104.17","177","4"
"2017-08-20","2017","8","Aug","3","Sunday   ","104","3","13108.28","2171.71","15279.99","106.57","104","4"
"2017-08-19","2017","8","Aug","3","Saturday ","108","5","13150.14","2286.39","15436.53","100.38","108","3"
"2017-08-18","2017","8","Aug","3","Friday   ","147","3","17899.20","3040.91","20940.11","105.91","147","4"
"2017-08-17","2017","8","Aug","3","Thursday ","158","3","18827.81","3425.86","22253.67","110.10","158","4"
"2017-08-16","2017","8","Aug","3","Wednesday","174","4","26871.22","4151.32","31022.54","126.75","174","4"
"2017-08-15","2017","8","Aug","3","Tuesday  ","194","3","25731.36","4350.56","30081.92","116.96","194","4"
"2017-08-14","2017","8","Aug","3","Monday   ","159","4","18723.75","3548.92","22272.67","102.88","159","4"
"2017-08-13","2017","8","Aug","3","Sunday   ","96","4","12579.18","2186.26","14765.44","113.33","96","4"
"2017-08-12","2017","8","Aug","3","Saturday ","98","4","14234.36","2364.70","16599.06","125.97","98","3"
"2017-08-11","2017","8","Aug","3","Friday   ","141","6","21378.98","3432.98","24811.96","123.58","141","3"
"2017-08-10","2017","8","Aug","3","Thursday ","157","4","20741.45","3491.82","24233.27","109.17","157","4"
"2017-08-09","2017","8","Aug","3","Wednesday","144","3","21778.92","3374.26","25153.18","129.64","144","4"
"2017-08-08","2017","8","Aug","3","Tuesday  ","146","3","21387.73","4031.75","25419.48","94.22","146","3"
"2017-08-07","2017","8","Aug","3","Monday   ","157","3","25013.94","3595.69","28609.63","128.94","157","4"
"2017-08-06","2017","8","Aug","3","Sunday   ","109","4","14237.79","2811.93","17049.72","114.82","109","4"
"2017-08-05","2017","8","Aug","3","Saturday ","115","3","13221.41","2650.57","15871.98","99.41","115","3"
"2017-08-04","2017","8","Aug","3","Friday   ","142","6","18479.10","3337.09","21816.19","111.99","142","4"
"2017-08-03","2017","8","Aug","3","Thursday ","148","3","20264.31","3243.61","23507.92","119.20","148","3"
"2017-08-02","2017","8","Aug","3","Wednesday","157","5","18710.98","3106.99","21817.97","103.95","157","3"
"2017-08-01","2017","8","Aug","3","Tuesday  ","165","4","23531.03","3887.37","27418.40","123.85","165","3"
"2017-07-31","2017","7","Jul","3","Monday   ","148","6","17995.65","3358.71","21354.36","102.83","148","3"
"2017-07-30","2017","7","Jul","3","Sunday   ","117","5","17479.19","2661.94","20141.13","119.72","117","3"
"2017-07-29","2017","7","Jul","3","Saturday ","115","4","18616.94","2824.78","21441.72","118.58","115","3"
"2017-07-28","2017","7","Jul","3","Friday   ","132","3","20129.06","3248.50","23377.56","130.71","132","3"
"2017-07-27","2017","7","Jul","3","Thursday ","124","4","16216.03","3343.67","19559.70","108.11","124","3"
"2017-07-26","2017","7","Jul","3","Wednesday","124","7","11736.55","2743.60","14480.15","76.21","124","4"
"2017-07-25","2017","7","Jul","3","Tuesday  ","153","4","18780.54","3243.41","22023.95","104.92","153","4"
"2017-07-24","2017","7","Jul","3","Monday   ","162","4","20131.10","3334.29","23465.39","107.65","162","4"
"2017-07-23","2017","7","Jul","3","Sunday   ","105","2","13188.06","1973.64","15161.70","115.68","105","3"
"2017-07-22","2017","7","Jul","3","Saturday ","88","4","11552.11","1894.51","13446.62","112.16","88","3"
"2017-07-21","2017","7","Jul","3","Friday   ","115","6","14358.44","2489.65","16848.09","104.05","115","3"
"2017-07-20","2017","7","Jul","3","Thursday ","142","6","21636.84","3708.40","25345.24","110.39","142","4"
"2017-07-19","2017","7","Jul","3","Wednesday","153","4","17888.77","3461.89","21350.66","97.75","153","4"
"2017-07-18","2017","7","Jul","3","Tuesday  ","192","5","31160.58","4349.63","35510.21","131.48","192","4"
"2017-07-17","2017","7","Jul","3","Monday   ","168","5","22024.57","3884.23","25908.80","110.68","168","3"
"2017-07-16","2017","7","Jul","3","Sunday   ","114","21","13483.49","2614.53","16098.02","89.89","114","3"
"2017-07-15","2017","7","Jul","3","Saturday ","98","5","11170.06","2229.70","13399.76","97.98","98","3"
"2017-07-14","2017","7","Jul","3","Friday   ","149","3","18875.04","3133.41","22008.45","110.38","149","4"
"2017-07-13","2017","7","Jul","3","Thursday ","137","3","17828.91","4200.62","22029.53","95.85","137","3"
"2017-07-12","2017","7","Jul","3","Wednesday","153","6","20001.42","3468.51","23469.93","115.62","153","4"
"2017-07-11","2017","7","Jul","3","Tuesday  ","165","5","21019.18","3912.07","24931.25","107.79","165","4"
"2017-07-10","2017","7","Jul","3","Monday   ","143","5","17869.23","3119.83","20989.06","112.39","143","4"
"2017-07-09","2017","7","Jul","3","Sunday   ","94","3","8350.26","2022.16","10372.42","81.87","94","4"
"2017-07-08","2017","7","Jul","3","Saturday ","84","2","10886.54","1779.22","12665.76","113.40","84","3"
"2017-07-07","2017","7","Jul","3","Friday   ","121","4","17101.95","3694.87","20796.82","104.28","121","4"
"2017-07-06","2017","7","Jul","3","Thursday ","154","3","23543.90","3705.57","27249.47","133.77","154","4"
"2017-07-05","2017","7","Jul","3","Wednesday","145","4","21656.58","3563.81","25220.39","121.67","145","3"
"2017-07-04","2017","7","Jul","3","Tuesday  ","125","2","16003.76","2529.54","18533.30","114.31","125","3"
"2017-07-03","2017","7","Jul","3","Monday   ","118","4","17314.93","2735.12","20050.05","128.26","118","3"
"2017-07-02","2017","7","Jul","3","Sunday   ","108","3","13016.12","2408.60","15424.72","99.36","108","4"
"2017-07-01","2017","7","Jul","3","Saturday ","80","4","12601.04","2057.56","14658.60","128.58","80","3"
"2017-06-30","2017","6","Jun","2","Friday   ","95","3","13549.36","2075.19","15624.55","134.15","95","4"
"2017-06-29","2017","6","Jun","2","Thursday ","114","3","12695.00","2271.58","14966.58","97.65","114","4"
"2017-06-28","2017","6","Jun","2","Wednesday","120","4","14965.72","2491.39","17457.11","113.38","120","4"
"2017-06-27","2017","6","Jun","2","Tuesday  ","141","3","17045.09","2981.02","20026.11","107.88","141","4"
"2017-06-26","2017","6","Jun","2","Monday   ","72","3","13498.65","1820.25","15318.90","158.81","72","3"
"2017-06-25","2017","6","Jun","2","Sunday   ","105","6","18151.07","3181.68","21332.75","150.01","105","3"
"2017-06-24","2017","6","Jun","2","Saturday ","76","3","8475.55","1700.30","10175.85","103.36","76","3"
"2017-06-23","2017","6","Jun","2","Friday   ","107","4","13332.93","2430.62","15763.55","112.99","107","4"
"2017-06-22","2017","6","Jun","2","Thursday ","88","4","8826.81","1782.23","10609.04","90.07","88","3"
"2017-06-21","2017","6","Jun","2","Wednesday","35","4","6213.55","1167.81","7381.36","159.32","35","3"
"2017-06-20","2017","6","Jun","2","Tuesday  ","94","6","11477.83","3152.07","14629.90","104.34","94","3"
"2017-06-19","2017","6","Jun","2","Monday   ","156","3","23468.90","3291.66","26760.56","125.50","156","3"
"2017-06-18","2017","6","Jun","2","Sunday   ","90","4","18185.95","1964.41","20150.36","174.86","90","3"
"2017-06-17","2017","6","Jun","2","Saturday ","75","3","12504.65","1762.67","14267.32","131.63","75","3"
"2017-06-16","2017","6","Jun","2","Friday   ","97","4","13476.09","2005.24","15481.33","119.26","97","4"
"2017-06-15","2017","6","Jun","2","Thursday ","108","4","12913.26","2261.94","15175.20","103.31","108","3"
"2017-06-14","2017","6","Jun","2","Wednesday","131","4","20541.57","2945.64","23487.21","138.79","131","4"
"2017-06-13","2017","6","Jun","2","Tuesday  ","126","4","14466.68","2699.61","17166.29","97.09","126","4"
"2017-06-12","2017","6","Jun","2","Monday   ","126","6","15397.78","2653.60","18051.38","98.70","126","4"
"2017-06-11","2017","6","Jun","2","Sunday   ","115","4","17744.74","2571.78","20316.52","125.85","115","4"
"2017-06-10","2017","6","Jun","2","Saturday ","77","2","8482.69","1661.83","10144.52","97.50","77","3"
"2017-06-09","2017","6","Jun","2","Friday   ","108","6","16939.67","2575.21","19514.88","131.32","108","4"
"2017-06-08","2017","6","Jun","2","Thursday ","137","4","19062.63","3754.54","22817.17","117.67","137","4"
"2017-06-07","2017","6","Jun","2","Wednesday","129","3","14684.71","3150.32","17835.03","88.46","129","4"
"2017-06-06","2017","6","Jun","2","Tuesday  ","134","4","14640.95","2748.29","17389.24","92.66","134","4"
"2017-06-05","2017","6","Jun","2","Monday   ","147","4","24831.79","3073.68","27905.47","141.90","147","4"
"2017-06-04","2017","6","Jun","2","Sunday   ","102","2","14100.63","2122.60","16223.23","127.03","102","4"
"2017-06-03","2017","6","Jun","2","Saturday ","89","5","10763.64","1863.51","12627.15","101.54","89","4"
"2017-06-02","2017","6","Jun","2","Friday   ","127","3","22270.92","2611.83","24882.75","152.54","127","3"
"2017-06-01","2017","6","Jun","2","Thursday ","124","3","20322.60","2692.00","23014.60","136.39","124","3"
"2017-05-31","2017","5","May","2","Wednesday","129","3","20627.04","2884.01","23511.05","142.26","129","3"
"2017-05-30","2017","5","May","2","Tuesday  ","105","5","15360.82","2532.62","17893.44","119.08","105","3"
"2017-05-29","2017","5","May","2","Monday   ","160","3","29500.53","3453.87","32954.40","148.99","160","4"
"2017-05-28","2017","5","May","2","Sunday   ","98","2","9902.31","1957.42","11859.73","89.21","98","4"
"2017-05-27","2017","5","May","2","Saturday ","83","4","14545.41","2026.69","16572.10","151.51","83","3"
"2017-05-26","2017","5","May","2","Friday   ","80","5","10850.88","1892.14","12743.02","113.03","80","4"
"2017-05-25","2017","5","May","2","Thursday ","108","5","17361.58","2682.43","20044.01","128.60","108","3"
"2017-05-24","2017","5","May","2","Wednesday","142","4","24077.15","3387.02","27464.17","145.92","142","4"
"2017-05-23","2017","5","May","2","Tuesday  ","125","5","18289.96","2900.44","21190.40","121.13","125","3"
"2017-05-22","2017","5","May","2","Monday   ","148","6","26498.41","3617.54","30115.95","151.42","148","4"
"2017-05-21","2017","5","May","2","Sunday   ","148","4","17784.90","3013.36","20798.26","106.50","148","4"
"2017-05-20","2017","5","May","2","Saturday ","72","3","11924.30","1796.79","13721.09","141.96","72","3"
"2017-05-19","2017","5","May","2","Friday   ","144","7","19979.53","3336.53","23316.06","111.00","144","3"
"2017-05-18","2017","5","May","2","Thursday ","125","4","18555.91","2669.01","21224.92","128.86","125","4"
"2017-05-17","2017","5","May","2","Wednesday","141","2","21470.41","3310.89","24781.30","123.39","141","4"
"2017-05-16","2017","5","May","2","Tuesday  ","153","4","22439.47","3392.93","25832.40","121.29","153","3"
"2017-05-15","2017","5","May","2","Monday   ","157","4","20819.52","3821.57","24641.09","108.44","157","4"
"2017-05-14","2017","5","May","2","Sunday   ","112","4","16498.28","2460.04","18958.32","123.12","112","4"
"2017-05-13","2017","5","May","2","Saturday ","73","3","9368.15","1606.99","10975.14","108.93","73","4"
"2017-05-12","2017","5","May","2","Friday   ","115","2","14394.71","2809.37","17204.08","98.59","115","4"
"2017-05-11","2017","5","May","2","Thursday ","126","3","19113.14","3190.00","22303.14","130.91","126","3"
"2017-05-10","2017","5","May","2","Wednesday","116","3","21582.18","2427.64","24009.82","167.30","116","4"
"2017-05-09","2017","5","May","2","Tuesday  ","128","6","21116.61","3174.47","24291.08","130.35","128","4"
"2017-05-08","2017","5","May","2","Monday   ","124","6","16310.19","2933.19","19243.38","110.95","124","3"
"2017-05-07","2017","5","May","2","Sunday   ","111","4","17336.75","2615.42","19952.17","138.69","111","4"
"2017-05-06","2017","5","May","2","Saturday ","109","4","17504.58","2487.76","19992.34","132.61","109","4"
"2017-05-05","2017","5","May","2","Friday   ","111","3","15054.76","2601.39","17656.15","111.52","111","3"
"2017-05-04","2017","5","May","2","Thursday ","109","6","13508.55","2305.41","15813.96","110.73","109","4"
"2017-05-03","2017","5","May","2","Wednesday","103","4","10941.03","2217.02","13158.05","91.94","103","4"
"2017-05-02","2017","5","May","2","Tuesday  ","128","3","19294.42","2824.01","22118.43","133.99","128","3"
"2017-05-01","2017","5","May","2","Monday   ","117","3","13329.17","2421.26","15750.43","93.87","117","4"
"2017-04-30","2017","4","Apr","2","Sunday   ","68","2","8211.06","1386.19","9597.25","114.04","68","3"
"2017-04-29","2017","4","Apr","2","Saturday ","74","4","12034.52","1809.40","13843.92","136.76","74","3"
"2017-04-28","2017","4","Apr","2","Friday   ","98","2","16586.78","2350.15","18936.93","146.79","98","4"
"2017-04-27","2017","4","Apr","2","Thursday ","80","6","10446.41","2147.85","12594.26","99.49","80","4"
"2017-04-26","2017","4","Apr","2","Wednesday","125","5","16474.51","2853.55","19328.06","111.31","125","3"
"2017-04-25","2017","4","Apr","2","Tuesday  ","111","6","14871.72","2530.80","17402.52","118.97","111","4"
"2017-04-24","2017","4","Apr","2","Monday   ","115","6","16530.82","2714.89","19245.71","112.45","115","4"
"2017-04-23","2017","4","Apr","2","Sunday   ","88","2","10349.94","1659.76","12009.70","112.50","88","3"
"2017-04-22","2017","4","Apr","2","Saturday ","84","4","13238.35","2093.77","15332.12","132.38","84","4"
"2017-04-21","2017","4","Apr","2","Friday   ","68","2","9678.60","1886.46","11565.06","106.36","68","4"
"2017-04-20","2017","4","Apr","2","Thursday ","98","5","25541.20","4354.52","29895.72","166.94","98","3"
"2017-04-19","2017","4","Apr","2","Wednesday","97","6","12481.45","1902.69","14384.14","107.60","97","4"
"2017-04-18","2017","4","Apr","2","Tuesday  ","71","2","26082.91","2499.29","28582.20","277.48","71","4"
"2017-04-17","2017","4","Apr","2","Monday   ","65","2","9633.94","1401.76","11035.70","135.69","65","4"
"2017-04-16","2017","4","Apr","2","Sunday   ","49","2","5545.86","1073.64","6619.50","104.64","49","4"
"2017-04-15","2017","4","Apr","2","Saturday ","52","2","8395.74","1098.02","9493.76","147.29","52","4"
"2017-04-14","2017","4","Apr","2","Friday   ","54","2","8168.66","1363.70","9532.36","136.14","54","3"
"2017-04-13","2017","4","Apr","2","Thursday ","60","2","9720.42","1538.55","11258.97","149.54","60","3"
"2017-04-12","2017","4","Apr","2","Wednesday","63","2","8270.10","1213.34","9483.44","123.43","63","4"
"2017-04-11","2017","4","Apr","2","Tuesday  ","78","2","9575.41","1693.04","11268.45","100.79","78","4"
"2017-04-10","2017","4","Apr","2","Monday   ","87","2","11732.31","1759.79","13492.10","123.50","87","4"
"2017-04-09","2017","4","Apr","2","Sunday   ","73","2","8222.65","1466.76","9689.41","105.42","73","4"
"2017-04-08","2017","4","Apr","2","Saturday ","68","2","10040.01","1461.39","11501.40","122.44","68","4"
"2017-04-07","2017","4","Apr","2","Friday   ","85","2","14750.15","1843.63","16593.78","146.04","85","3"
"2017-04-06","2017","4","Apr","2","Thursday ","96","5","23807.59","2216.10","26023.69","208.84","96","4"
"2017-04-05","2017","4","Apr","2","Wednesday","96","3","20199.34","2003.88","22203.22","187.03","96","3"
"2017-04-04","2017","4","Apr","2","Tuesday  ","96","3","13706.07","1990.57","15696.64","116.15","96","3"
"2017-04-03","2017","4","Apr","2","Monday   ","72","6","9852.95","1753.89","11606.84","102.63","72","4"
"2017-04-02","2017","4","Apr","2","Sunday   ","65","4","9307.78","1507.49","10815.27","116.35","65","3"
"2017-04-01","2017","4","Apr","2","Saturday ","68","2","18327.17","1383.49","19710.66","258.13","68","3"
"2017-03-31","2017","3","Mar","1","Friday   ","70","2","12269.46","1577.21","13846.67","165.80","70","4"
"2017-03-30","2017","3","Mar","1","Thursday ","74","4","10385.49","1524.40","11909.89","114.13","74","3"
"2017-03-29","2017","3","Mar","1","Wednesday","74","4","8660.54","1548.57","10209.11","101.89","74","4"
"2017-03-28","2017","3","Mar","1","Tuesday  ","103","3","12731.88","2343.33","15075.21","105.22","103","3"
"2017-03-27","2017","3","Mar","1","Monday   ","111","3","16624.87","2458.14","19083.01","135.16","111","4"
"2017-03-26","2017","3","Mar","1","Sunday   ","64","3","6875.52","1415.15","8290.67","91.67","64","4"
"2017-03-25","2017","3","Mar","1","Saturday ","76","4","9601.91","1695.41","11297.32","107.89","76","4"
"2017-03-24","2017","3","Mar","1","Friday   ","79","3","10197.77","1503.54","11701.31","118.58","79","4"
"2017-03-23","2017","3","Mar","1","Thursday ","114","4","16615.45","2498.33","19113.78","119.54","114","4"
"2017-03-22","2017","3","Mar","1","Wednesday","105","3","14668.37","2305.14","16973.51","114.60","105","4"
"2017-03-21","2017","3","Mar","1","Tuesday  ","97","4","11644.52","1958.57","13603.09","105.86","97","3"
"2017-03-20","2017","3","Mar","1","Monday   ","119","5","17203.39","2529.69","19733.08","134.40","119","3"
"2017-03-19","2017","3","Mar","1","Sunday   ","56","3","6753.31","1126.51","7879.82","112.56","56","3"
"2017-03-18","2017","3","Mar","1","Saturday ","73","2","21278.82","2086.17","23364.99","259.50","73","3"
"2017-03-17","2017","3","Mar","1","Friday   ","65","4","13012.00","1703.56","14715.56","156.77","65","4"
"2017-03-16","2017","3","Mar","1","Thursday ","103","6","14269.78","2379.97","16649.75","112.36","103","3"
"2017-03-15","2017","3","Mar","1","Wednesday","108","4","16391.83","2502.30","18894.13","118.78","108","4"
"2017-03-14","2017","3","Mar","1","Tuesday  ","99","4","14915.44","2410.79","17326.23","124.30","99","3"
"2017-03-13","2017","3","Mar","1","Monday   ","111","3","17878.35","2514.52","20392.87","141.89","111","4"
"2017-03-12","2017","3","Mar","1","Sunday   ","64","3","6695.12","1262.81","7957.93","91.71","64","3"
"2017-03-11","2017","3","Mar","1","Saturday ","71","4","12074.06","1850.01","13924.07","127.10","71","3"
"2017-03-10","2017","3","Mar","1","Friday   ","88","3","12703.63","2289.30","14992.93","120.99","88","3"
"2017-03-09","2017","3","Mar","1","Thursday ","93","5","16409.24","2693.91","19103.15","116.38","93","4"
"2017-03-08","2017","3","Mar","1","Wednesday","79","4","15356.60","2062.59","17419.19","163.37","79","4"
"2017-03-07","2017","3","Mar","1","Tuesday  ","82","6","12128.92","1913.06","14041.98","116.62","82","4"
"2017-03-06","2017","3","Mar","1","Monday   ","105","5","10847.44","2136.88","12984.32","91.93","105","4"
"2017-03-05","2017","3","Mar","1","Sunday   ","74","6","7549.52","1650.25","9199.77","82.06","74","3"
"2017-03-04","2017","3","Mar","1","Saturday ","80","4","12986.81","2048.78","15035.59","139.64","80","4"
"2017-03-03","2017","3","Mar","1","Friday   ","74","3","12444.34","1565.98","14010.32","153.63","74","3"
"2017-03-02","2017","3","Mar","1","Thursday ","72","3","11629.95","1573.87","13203.82","145.37","72","4"
"2017-03-01","2017","3","Mar","1","Wednesday","99","6","13646.71","2202.51","15849.22","113.72","99","3"
"2017-02-28","2017","2","Feb","1","Tuesday  ","55","5","11220.76","1354.96","12575.72","167.47","55","3"
"2017-02-27","2017","2","Feb","1","Monday   ","43","4","7193.62","1210.70","8404.32","124.03","43","3"
"2017-02-26","2017","2","Feb","1","Sunday   ","46","6","5586.58","1070.84","6657.42","105.41","46","2"
"2017-02-25","2017","2","Feb","1","Saturday ","43","4","4486.39","839.82","5326.21","93.47","43","4"
"2017-02-24","2017","2","Feb","1","Friday   ","64","3","8977.06","1595.73","10572.79","97.58","64","3"
"2017-02-23","2017","2","Feb","1","Thursday ","59","6","7358.62","1672.98","9031.60","98.11","59","4"
"2017-02-22","2017","2","Feb","1","Wednesday","63","3","8552.82","1389.02","9941.84","117.16","63","3"
"2017-02-21","2017","2","Feb","1","Tuesday  ","41","5","8329.62","1076.04","9405.66","169.99","41","4"
"2017-02-20","2017","2","Feb","1","Monday   ","63","3","7948.20","1297.73","9245.93","108.88","63","3"
"2017-02-19","2017","2","Feb","1","Sunday   ","40","2","4412.85","775.69","5188.54","88.26","40","3"
"2017-02-18","2017","2","Feb","1","Saturday ","54","5","7687.22","1194.26","8881.48","118.26","54","4"
"2017-02-17","2017","2","Feb","1","Friday   ","46","4","7018.25","1302.19","8320.44","118.95","46","3"
"2017-02-16","2017","2","Feb","1","Thursday ","55","3","6454.84","1151.06","7605.90","109.40","55","3"
"2017-02-15","2017","2","Feb","1","Wednesday","62","3","7033.93","1317.26","8351.19","106.57","62","3"
"2017-02-14","2017","2","Feb","1","Tuesday  ","76","4","14083.81","1789.83","15873.64","167.66","76","3"
"2017-02-13","2017","2","Feb","1","Monday   ","78","3","11065.55","2162.58","13228.13","120.28","78","4"
"2017-02-12","2017","2","Feb","1","Sunday   ","64","2","15342.02","1577.09","16919.11","219.17","64","4"
"2017-02-11","2017","2","Feb","1","Saturday ","49","3","4307.56","925.59","5233.15","84.46","49","3"
"2017-02-10","2017","2","Feb","1","Friday   ","66","3","14561.60","1495.98","16057.58","191.60","66","3"
"2017-02-09","2017","2","Feb","1","Thursday ","77","2","9884.87","1811.38","11696.25","106.29","77","4"
"2017-02-08","2017","2","Feb","1","Wednesday","95","3","12864.77","2202.56","15067.33","123.70","95","4"
"2017-02-07","2017","2","Feb","1","Tuesday  ","112","4","15299.75","2640.08","17939.83","108.51","112","4"
"2017-02-06","2017","2","Feb","1","Monday   ","85","2","9565.43","1559.88","11125.31","107.48","85","4"
"2017-02-05","2017","2","Feb","1","Sunday   ","75","2","8583.29","1661.40","10244.69","102.18","75","3"
"2017-02-04","2017","2","Feb","1","Saturday ","67","3","15058.13","2092.89","17151.02","198.13","67","3"
"2017-02-03","2017","2","Feb","1","Friday   ","60","3","10447.54","1320.03","11767.57","158.30","60","3"
"2017-02-02","2017","2","Feb","1","Thursday ","69","3","8917.64","1557.66","10475.30","118.90","69","3"
"2017-02-01","2017","2","Feb","1","Wednesday","73","2","8511.14","1431.28","9942.42","115.02","73","3"
"2017-01-31","2017","1","Jan","1","Tuesday  ","70","5","11582.07","1620.39","13202.46","131.61","70","3"
"2017-01-30","2017","1","Jan","1","Monday   ","53","15","11044.03","1165.00","12209.03","143.43","53","3"
"2017-01-29","2017","1","Jan","1","Sunday   ","35","5","6457.66","703.00","7160.66","137.40","35","3"
"2017-01-28","2017","1","Jan","1","Saturday ","29","2","7345.51","870.00","8215.51","179.16","29","3"
"2017-01-27","2017","1","Jan","1","Friday   ","62","4","11932.85","1360.63","13293.48","152.99","62","3"
"2017-01-26","2017","1","Jan","1","Thursday ","86","3","13531.45","2018.35","15549.80","130.11","86","4"
"2017-01-25","2017","1","Jan","1","Wednesday","63","6","9426.03","1407.79","10833.82","130.92","63","4"
"2017-01-24","2017","1","Jan","1","Tuesday  ","40","4","6003.17","843.92","6847.09","133.40","40","3"
"2017-01-23","2017","1","Jan","1","Monday   ","39","5","7251.17","1053.70","8304.87","125.02","39","3"
"2017-01-22","2017","1","Jan","1","Sunday   ","31","3","3619.27","522.60","4141.87","109.67","31","2"
"2017-01-21","2017","1","Jan","1","Saturday ","24","6","2458.60","636.17","3094.77","68.29","24","2"
"2017-01-20","2017","1","Jan","1","Friday   ","29","5","4035.83","620.22","4656.05","103.48","29","3"
"2017-01-19","2017","1","Jan","1","Thursday ","29","4","3553.95","586.21","4140.16","101.54","29","3"
"2017-01-18","2017","1","Jan","1","Wednesday","33","3","4126.35","682.21","4808.56","111.52","33","4"
"2017-01-17","2017","1","Jan","1","Tuesday  ","32","4","4106.13","820.54","4926.67","80.51","32","4"
"2017-01-16","2017","1","Jan","1","Monday   ","19","4","3307.92","400.48","3708.40","137.83","19","2"
"2017-01-15","2017","1","Jan","1","Sunday   ","14","6","2199.57","351.77","2551.34","104.74","14","2"
"2017-01-14","2017","1","Jan","1","Saturday ","18","1","1112.69","386.88","1499.57","61.82","18","1"
"2017-01-13","2017","1","Jan","1","Friday   ","12","1","2505.58","275.14","2780.72","227.78","12","2"
"2017-01-12","2017","1","Jan","1","Thursday ","13","2","2234.58","268.11","2502.69","148.97","13","3"
"2017-01-11","2017","1","Jan","1","Wednesday","12","1","2776.16","286.17","3062.33","231.35","12","2"
"2017-01-10","2017","1","Jan","1","Tuesday  ","6","1","1434.87","136.30","1571.17","239.15","6","2"
"2017-01-09","2017","1","Jan","1","Monday   ","5","2","673.79","100.72","774.51","112.30","5","2"
"2017-01-08","2017","1","Jan","1","Sunday   ","6","1","709.58","100.05","809.63","118.26","6","2"
"2017-01-07","2017","1","Jan","1","Saturday ","4","2","1351.90","96.09","1447.99","270.38","4","1"
"2017-01-06","2017","1","Jan","1","Friday   ","4","1","3460.38","194.74","3655.12","432.55","4","3"
"2017-01-05","2017","1","Jan","1","Thursday ","32","1","396.90","310.37","707.27","12.40","32","2"
"2016-12-23","2016","12","Dec","4","Friday   ","1","1","10.90","8.72","19.62","10.90","1","1"
"2016-10-22","2016","10","Oct","4","Saturday ","1","0",NULL,NULL,NULL,NULL,"1","1"
"2016-10-10","2016","10","Oct","4","Monday   ","39","3","3745.37","837.26","4582.63","87.10","39","3"
"2016-10-09","2016","10","Oct","4","Sunday   ","26","6","3411.98","713.67","4125.65","94.78","26","3"
"2016-10-08","2016","10","Oct","4","Saturday ","42","3","8561.75","956.53","9518.28","186.13","42","3"
"2016-10-07","2016","10","Oct","4","Friday   ","46","3","7608.03","943.62","8551.65","143.55","46","3"
"2016-10-06","2016","10","Oct","4","Thursday ","51","4","7960.51","1170.72","9131.23","137.25","51","3"
"2016-10-05","2016","10","Oct","4","Wednesday","47","6","8602.85","1355.26","9958.11","143.38","47","3"
"2016-10-04","2016","10","Oct","4","Tuesday  ","63","4","10488.26","1489.74","11978.00","138.00","63","4"
"2016-10-03","2016","10","Oct","4","Monday   ","8","1","463.48","131.66","595.14","57.94","8","2"
"2016-10-02","2016","10","Oct","4","Sunday   ","1","1","100.00","9.34","109.34","100.00","1","1"
"2016-09-15","2016","9","Sep","3","Thursday ","1","3","134.97","8.49","143.46","44.99","1","0"
"2016-09-13","2016","9","Sep","3","Tuesday  ","1","0",NULL,NULL,NULL,NULL,"1","1"
"2016-09-05","2016","9","Sep","3","Monday   ","1","1","59.50","15.56","75.06","59.50","1","1"
"2016-09-04","2016","9","Sep","3","Sunday   ","1","2","72.89","63.34","136.23","36.45","1","1"
